user	worker	escrow_id	amount	hours	status
1	worker-01	1	1000	40	finalized
2	worker-02	2	1001	41	finalized
3	worker-03	3	1002	42	finalized
4	worker-04	4	1003	43	finalized
5	worker-05	5	1004	44	finalized
6	worker-06	6	1005	45	finalized
7	worker-07	7	1006	46	finalized
8	worker-08	8	1007	47	finalized
9	worker-09	9	1008	48	finalized
10	worker-10	10	1009	49	finalized
11	worker-11	11	1010	50	finalized
12	worker-12	12	1011	51	finalized
13	worker-13	13	1012	52	finalized
14	worker-14	14	1013	53	finalized
15	worker-15	15	1014	54	finalized
16	worker-16	16	1015	55	finalized
17	worker-17	17	1016	56	finalized
18	worker-18	18	1017	57	finalized
19	worker-19	19	1018	58	finalized
20	worker-20	20	1019	59	finalized
21	worker-21	21	1020	60	finalized
22	worker-22	22	1021	61	finalized
23	worker-23	23	1022	62	finalized
24	worker-24	24	1023	63	finalized
25	worker-25	25	1024	64	finalized
26	worker-26	26	1025	65	finalized
27	worker-27	27	1026	66	finalized
28	worker-28	28	1027	67	finalized
29	worker-29	29	1028	68	finalized
30	worker-30	30	1029	69	finalized
31	worker-31	31	1030	70	finalized
32	worker-32	32	1031	71	finalized
33	worker-33	33	1032	72	finalized
34	worker-34	34	1033	73	finalized
35	worker-35	35	1034	74	finalized
36	worker-36	36	1035	75	finalized
37	worker-37	37	1036	76	finalized
38	worker-38	38	1037	77	finalized
39	worker-39	39	1038	78	finalized
40	worker-40	40	1039	79	finalized
41	worker-41	41	1040	80	finalized
42	worker-42	42	1041	81	finalized
43	worker-43	43	1042	82	finalized
44	worker-44	44	1043	83	finalized
45	worker-45	45	1044	84	finalized
46	worker-46	46	1045	85	finalized
47	worker-47	47	1046	86	finalized
48	worker-48	48	1047	87	finalized
49	worker-49	49	1048	88	finalized
50	worker-50	50	1049	89	finalized
